{"cameraMode":{"drawMode":0,"name":"Shaded","section":"Shading Mode"},"sceneLighting":false,"audioPlay":false,"sceneViewState":{"showFog":true,"showMaterialUpdate":false,"showSkybox":true,"showFlares":true,"showImageEffects":true,"showParticleSystems":true},"in2DMode":false,"pivot":{"x":1.113184928894043,"y":1.4423234462738038,"z":-1.370316982269287},"rotation":{"x":-0.260026216506958,"y":0.09309662878513336,"z":-0.025198234245181085,"w":-0.9607766270637512},"size":7.531867504119873,"orthographic":false}