{"cameraMode":{"drawMode":0,"name":"Shaded","section":"Shading Mode"},"sceneLighting":false,"audioPlay":false,"sceneViewState":{"showFog":true,"showMaterialUpdate":false,"showSkybox":true,"showFlares":true,"showImageEffects":true,"showParticleSystems":true},"in2DMode":false,"pivot":{"x":-0.1866512894630432,"y":0.23785358667373658,"z":-0.5063760280609131},"rotation":{"x":-0.1598728448152542,"y":0.38179686665534975,"z":-0.06722033768892288,"w":-0.9078419208526611},"size":3.157883644104004,"orthographic":false}