{"cameraMode":{"drawMode":0,"name":"Shaded","section":"Shading Mode"},"sceneLighting":false,"audioPlay":false,"sceneViewState":{"showFog":true,"showMaterialUpdate":false,"showSkybox":true,"showFlares":true,"showImageEffects":true,"showParticleSystems":true},"in2DMode":false,"pivot":{"x":3.6059117317199709,"y":6.910924434661865,"z":-12.176042556762696},"rotation":{"x":-0.2783896327018738,"y":0.03513902798295021,"z":-0.010195092298090458,"w":-0.9597755670547485},"size":6.330479621887207,"orthographic":false}