{"cameraMode":{"drawMode":0,"name":"Shaded","section":"Shading Mode"},"sceneLighting":true,"audioPlay":false,"sceneViewState":{"showFog":true,"showMaterialUpdate":false,"showSkybox":true,"showFlares":true,"showImageEffects":true,"showParticleSystems":true},"in2DMode":false,"pivot":{"x":25.292282104492189,"y":14.62396240234375,"z":23.563262939453126},"rotation":{"x":0.12303314357995987,"y":0.27456462383270266,"z":-0.03550582006573677,"w":0.9530531167984009},"size":119.34960174560547,"orthographic":false}