{"cameraMode":{"drawMode":0,"name":"Shaded","section":"Shading Mode"},"sceneLighting":false,"audioPlay":false,"sceneViewState":{"showFog":true,"showMaterialUpdate":false,"showSkybox":true,"showFlares":true,"showImageEffects":true,"showParticleSystems":true},"in2DMode":false,"pivot":{"x":1.033555507659912,"y":1.4948630332946778,"z":-1.3627128601074219},"rotation":{"x":-0.2827662527561188,"y":0.16780658066272736,"z":-0.05031757056713104,"w":-0.9430584907531738},"size":11.027402877807618,"orthographic":false}