{"cameraMode":{"drawMode":0,"name":"Shaded","section":"Shading Mode"},"sceneLighting":false,"audioPlay":false,"sceneViewState":{"showFog":true,"showMaterialUpdate":false,"showSkybox":true,"showFlares":true,"showImageEffects":true,"showParticleSystems":true},"in2DMode":false,"pivot":{"x":0.22324109077453614,"y":1.8372763395309449,"z":-0.5380439758300781},"rotation":{"x":0.3656657934188843,"y":-0.015357227995991707,"z":0.006034079939126968,"w":0.9306066632270813},"size":14.43763542175293,"orthographic":false}