{"cameraMode":{"drawMode":0,"name":"Shaded","section":"Shading Mode"},"sceneLighting":false,"audioPlay":false,"sceneViewState":{"showFog":true,"showMaterialUpdate":false,"showSkybox":true,"showFlares":true,"showImageEffects":true,"showParticleSystems":true},"in2DMode":false,"pivot":{"x":1.033555507659912,"y":1.4948630332946778,"z":-1.3627128601074219},"rotation":{"x":-0.5743184685707092,"y":-0.11040172725915909,"z":0.07853749394416809,"w":-0.8073520064353943},"size":23.334524154663087,"orthographic":false}