{"cameraMode":{"drawMode":0,"name":"Shaded","section":"Shading Mode"},"sceneLighting":true,"audioPlay":false,"sceneViewState":{"showFog":true,"showMaterialUpdate":false,"showSkybox":true,"showFlares":true,"showImageEffects":true,"showParticleSystems":true},"in2DMode":false,"pivot":{"x":-0.009915603324770928,"y":-0.02158471941947937,"z":0.0333198606967926},"rotation":{"x":-0.23813922703266145,"y":0.23242710530757905,"z":-0.05877930670976639,"w":-0.9412017464637756},"size":10.012656211853028,"orthographic":false}